APELIDO1;APELIDO2;NOME;SEXO;COD_NACIONALIDADE;NACIONALIDADE;COD_CONCELLO;CONCELLO;COD_POSTAL;COD_CURSO;CURSO;GRUPO;COD_ENSINANZA;ENSINANZA;fin
Abelleira;Yanez;Natalia;M;840;Portuguesa;15003;Xermade;27824;100007;1 Administracion e finanzas;A;20;CF;f
Aguiar;Yanez;Teresa;M;724;Portuguesa;15003;Xermade;27824;100007;1 Administracion e finanzas;A;20;CF;f
Alvarino;Vivero;David;V;724;Paraguaia;15003;Xermade;27824;100007;1 Administracion e finanzas;A;20;CF;f
Alzate;Verdes;Noelia;M;724;Paraguaia;15050;Xermade;27824;100007;1 Administracion e finanzas;A;20;CF;f
Ameneiro;Verdes;Pablo;V;724;Marroqui;15055;Xermade;27826;100007;1 Administracion e finanzas;A;20;CF;f
Anido;Vazquez;Natalia;M;724;Ganesa;15058;Xermade;27826;100007;1 Administracion e finanzas;A;20;CF;f
Anton;Vazquez;Alejandro;V;724;Ganesa;15061;Xermade;27826;100007;1 Administracion e finanzas;A;20;CF;f
Ares;Vazquez;Diego;V;724;Estadounidense;15070;Xermade;27826;100007;1 Administracion e finanzas;A;20;CF;f
Ares;Vazquez;Luis Enrique;V;724;Espanola;15070;Xermade;27826;100007;1 Administracion e finanzas;A;20;CF;f
Ares;Vazquez;Eva Maria;M;724;Espanola;15070;Xermade;27832;100007;1 Administracion e finanzas;A;20;CF;f
Balsa;Vazquez;Rocio;M;724;Espanola;15070;Xermade;27832;100007;1 Administracion e finanzas;A;20;CF;f
Balsa;Vazquez;Alba Maria;M;724;Espanola;15070;Xermade;27832;100007;1 Administracion e finanzas;A;20;CF;f
Balsa;Vazquez;Antonio;V;724;Espanola;27001;Xermade;27832;100007;1 Administracion e finanzas;A;20;CF;f
Balsa;Vazquez;Fernando;V;724;Espanola;27001;Xermade;27832;100007;1 Administracion e finanzas;A;20;CF;f
Balseiro;Vazquez;Miriam Sofia;M;724;Espanola;27001;Xermade;27832;100007;1 Administracion e finanzas;A;20;CF;f
Barbosa;Vazquez;Jose Carlos;V;724;Espanola;27001;Xermade;27833;100007;1 Administracion e finanzas;A;20;CF;f
Barbosa;Varela;Emilia;M;724;Espanola;27001;Xermade;27833;100007;1 Administracion e finanzas;A;20;CF;f
Bargados;Varela;Jose;V;724;Espanola;27001;Xermade;27833;100007;1 Administracion e finanzas;A;20;CF;f
Bargados;Varela;Jose;V;724;Espanola;27001;Xermade;27833;100007;1 Administracion e finanzas;A;20;CF;f
Barrera;Varela;Daniel;V;724;Espanola;27001;Xermade;27833;100007;1 Administracion e finanzas;A;20;CF;f
Barrio;Vaccarello;Jesus;V;724;Espanola;27001;Xermade;27833;100007;1 Administracion e finanzas;A;20;CF;f
Barrio;Trinidad;Diego;V;724;Espanola;27001;Xermade;27833;100007;1 Administracion e finanzas;A;20;CF;f
Barrios;Trastoy;Giovanni;V;724;Espanola;27001;Xermade;27834;100007;1 Administracion e finanzas;A;20;CF;f
Barrios;Trastoy;Maria Jose;M;724;Espanola;27001;Xermade;27835;100008;2 Administracion e finanzas;A;20;CF;f
Barro;Teixeira;Francisco Javier;V;724;Espanola;27001;Vilalba;15000;100008;2 Administracion e finanzas;A;20;CF;f
Bayo;Teijeiro;Rocio;M;724;Espanola;27001;Vilalba;27800;100008;2 Administracion e finanzas;A;20;CF;f
Bello;Taboada;Marta;M;724;Espanola;27001;Vilalba;27800;100008;2 Administracion e finanzas;A;20;CF;f
Bermudez;Suarez;Lucia;M;724;Espanola;27001;Vilalba;27800;100008;2 Administracion e finanzas;A;20;CF;f
Bermudez;Souto;Marcos;V;724;Espanola;27001;Vilalba;27800;100008;2 Administracion e finanzas;A;20;CF;f
Blanco;Souto;Marcos;V;724;Espanola;27001;Vilalba;27800;100008;2 Administracion e finanzas;A;20;CF;f
Blanco;Souto;Belen;M;724;Espanola;27001;Vilalba;27800;100008;2 Administracion e finanzas;A;20;CF;f
Blanco;Sordo;Jorge;V;724;Espanola;27007;Vilalba;27800;100008;2 Administracion e finanzas;A;20;CF;f
Blanco;Silven;Jorge;V;724;Espanola;27007;Vilalba;27800;100008;2 Administracion e finanzas;A;20;CF;f
Blanco;Silven;Iria;M;724;Espanola;27007;Vilalba;27800;100008;2 Administracion e finanzas;A;20;CF;f
Bodenlle;Seoane;Alejandro;V;724;Espanola;27007;Vilalba;27800;100008;2 Administracion e finanzas;A;20;CF;f
Bodenlle;Seoane;Alejandro;V;724;Espanola;27007;Vilalba;27800;100008;2 Administracion e finanzas;A;20;CF;f
Boo;Seijo;Joana;M;724;Espanola;27007;Vilalba;27800;100008;2 Administracion e finanzas;A;20;CF;f
Boo;Seijas;Jose David;V;724;Espanola;27007;Vilalba;27800;100092;2 Electromecanica de vehiculos (Plan Vello);A;20;CF;f
Cabado;Seijas;Jose David;V;724;Espanola;27010;Vilalba;27800;100092;2 Electromecanica de vehiculos (Plan Vello);A;20;CF;f
Cabana;Santome;Tatiana;M;724;Espanola;27010;Vilalba;27800;100092;2 Electromecanica de vehiculos (Plan Vello);A;20;CF;f
Cabana;Santalla;Miguel;V;724;Espanola;27015;Vilalba;27800;100092;2 Electromecanica de vehiculos (Plan Vello);A;20;CF;f
Cabarcos;Santalla;Ruben;V;724;Espanola;27015;Vilalba;27800;100092;2 Electromecanica de vehiculos (Plan Vello);A;20;CF;f
Calvo;Sanjurjo;Jose Luis;V;724;Espanola;27015;Vilalba;27800;100092;2 Electromecanica de vehiculos (Plan Vello);A;20;CF;f
Campello;Sanjurjo;Michael;V;724;Espanola;27015;Vilalba;27800;100092;2 Electromecanica de vehiculos (Plan Vello);A;20;CF;f
Campello;Sangiao;Luis;V;724;Espanola;27015;Vilalba;27800;100092;2 Electromecanica de vehiculos (Plan Vello);A;20;CF;f
Candamil;Salazar;Estefania;M;724;Espanola;27015;Vilalba;27800;100092;2 Electromecanica de vehiculos (Plan Vello);A;20;CF;f
Carballeira;Rus;oscar;V;724;Espanola;27015;Vilalba;27800;100092;2 Electromecanica de vehiculos (Plan Vello);A;20;CF;f
Carballido;Rus;Lucia;M;724;Espanola;27015;Vilalba;27800;100092;2 Electromecanica de vehiculos (Plan Vello);A;20;CF;f
Carballido;Rozas;Marcos;V;724;Espanola;27015;Vilalba;27800;100092;2 Electromecanica de vehiculos (Plan Vello);A;20;CF;f
Carballido;Rozas;Natalia;M;724;Espanola;27015;Vilalba;27800;100092;2 Electromecanica de vehiculos (Plan Vello);A;20;CF;f
Carballido;Rouco;Maria del Carmen;M;724;Espanola;27015;Vilalba;27800;100092;2 Electromecanica de vehiculos (Plan Vello);A;20;CF;f
Carballido;Rouco;Enma;M;724;Espanola;27015;Vilalba;27800;100092;2 Electromecanica de vehiculos (Plan Vello);A;20;CF;f
Carracedo;Rouco;Ana;M;724;Espanola;27015;Vilalba;27800;100284;2 Xestion administrativa (Plan Vello);A;20;CF;f
Carral;Rouco;Esteban;V;724;Espanola;27015;Vilalba;27800;100284;2 Xestion administrativa (Plan Vello);A;20;CF;f
Carral;Rouco;Belen;M;724;Espanola;27015;Vilalba;27800;100284;2 Xestion administrativa (Plan Vello);A;20;CF;f
Castelo;Rodriguez;Veronica;M;724;Espanola;27015;Vilalba;27800;100284;2 Xestion administrativa (Plan Vello);A;20;CF;f
Castineira;Rodriguez;Diego;V;724;Espanola;27015;Vilalba;27800;100357;(A) - ESO Modulo 1;A;39;ESO Adult.;f
Castineira;Rodriguez;Adrian;V;724;Espanola;27015;Vilalba;27800;100357;(A) - ESO Modulo 1;A;39;ESO Adult.;f
Castineira;Rodriguez;Adrian;V;724;Espanola;27015;Vilalba;27800;100357;(A) - ESO Modulo 1;A;39;ESO Adult.;f
Castro;Rodriguez;Kevin;V;724;Espanola;27015;Vilalba;27800;100357;(A) - ESO Modulo 1;A;39;ESO Adult.;f
Castro;Rodriguez;angela;M;724;Espanola;27015;Vilalba;27800;100357;(A) - ESO Modulo 1;A;39;ESO Adult.;f
Castro;Rodriguez;Alba;M;724;Espanola;27015;Vilalba;27800;100357;(A) - ESO Modulo 1;A;39;ESO Adult.;f
Castro;Rodriguez;Marta;M;724;Espanola;27015;Vilalba;27800;100357;(A) - ESO Modulo 1;A;39;ESO Adult.;f
Castro;Rodriguez;Daniel;V;724;Espanola;27015;Vilalba;27800;100357;(A) - ESO Modulo 1;A;39;ESO Adult.;f
Castro;Rodriguez;Ivan;V;724;Espanola;27015;Vilalba;27800;100358;(A) - ESO Modulo 2;A;39;ESO Adult.;f
Castro;Rocha;Ivan;V;724;Espanola;27015;Vilalba;27800;100358;(A) - ESO Modulo 2;A;39;ESO Adult.;f
Cazas;Rocha;Lorena;M;724;Espanola;27015;Vilalba;27800;100358;(A) - ESO Modulo 2;A;39;ESO Adult.;f
Cazon;Roca;Diego;V;724;Espanola;27015;Vilalba;27800;100358;(A) - ESO Modulo 2;A;39;ESO Adult.;f
Cendan;Roca;Nerea;M;724;Espanola;27015;Vilalba;27800;100358;(A) - ESO Modulo 2;A;39;ESO Adult.;f
Cendan;Rios;Jenifer;M;724;Espanola;27015;Vilalba;27800;100358;(A) - ESO Modulo 2;A;39;ESO Adult.;f
Cendan;Rios;Raul;V;724;Espanola;27015;Vilalba;27800;100358;(A) - ESO Modulo 2;A;39;ESO Adult.;f
Cendan;Rio;Tamara;M;724;Espanola;27015;Vilalba;27800;100358;(A) - ESO Modulo 2;A;39;ESO Adult.;f
Cendan;Rico;Adrian;V;724;Espanola;27015;Vilalba;27800;100358;(A) - ESO Modulo 2;A;39;ESO Adult.;f
Cillero;Rey;Lorena;M;724;Espanola;27015;Vilalba;27800;100358;(A) - ESO Modulo 2;A;39;ESO Adult.;f
Cillero;Revilla;Luis Miguel;V;724;Espanola;27015;Vilalba;27800;100358;(A) - ESO Modulo 2;A;39;ESO Adult.;f
Collazos;Revilla;Ivan;V;724;Espanola;27015;Vilalba;27800;100358;(A) - ESO Modulo 2;A;39;ESO Adult.;f
Cordal;Regueiro;Cristofer;V;724;Espanola;27015;Vilalba;27800;100358;(A) - ESO Modulo 2;A;39;ESO Adult.;f
Cordal;Regueira;Noelia;M;724;Espanola;27015;Vilalba;27800;100358;(A) - ESO Modulo 2;A;39;ESO Adult.;f
Cruz;Regueira;Rocio;M;724;Espanola;27015;Vilalba;27800;100358;(A) - ESO Modulo 2;A;39;ESO Adult.;f
Cruz;Rego;Alba;M;724;Espanola;27015;Vilalba;27800;100359;(A) - ESO Modulo 3;A;39;ESO Adult.;f
Curras;Rego;Beatriz;M;724;Espanola;27015;Vilalba;27800;100359;(A) - ESO Modulo 3;A;39;ESO Adult.;f
Curras;Rego;Natalia;M;724;Espanola;27015;Vilalba;27800;100359;(A) - ESO Modulo 3;A;39;ESO Adult.;f
da Silva;Ramudo;Salome;M;724;Espanola;27015;Vilalba;27800;100359;(A) - ESO Modulo 3;A;39;ESO Adult.;f
da Silva;Ramudo;Iria;M;724;Espanola;27015;Vilalba;27800;100359;(A) - ESO Modulo 3;A;39;ESO Adult.;f
da Silva;Ramudo;Xurxo;V;724;Espanola;27021;Vilalba;27800;100359;(A) - ESO Modulo 3;A;39;ESO Adult.;f
da Silva;Ramos;Diego;V;724;Espanola;27021;Vilalba;27800;100359;(A) - ESO Modulo 3;A;39;ESO Adult.;f
de Bernardo;Prieto;Adrian;V;724;Espanola;27021;Vilalba;27800;100359;(A) - ESO Modulo 3;A;39;ESO Adult.;f
de Rosende;Prieto;Daniel;V;724;Espanola;27021;Vilalba;27800;100359;(A) - ESO Modulo 3;A;39;ESO Adult.;f
De Rosende;Prado;Daniel;V;724;Espanola;27021;Vilalba;27800;100359;(A) - ESO Modulo 3;A;39;ESO Adult.;f
Debasa;Prado;Maria;M;724;Espanola;27021;Vilalba;27800;100359;(A) - ESO Modulo 3;A;39;ESO Adult.;f
Debasa;Pouparina;Juan Jose;V;724;Espanola;27021;Vilalba;27800;100359;(A) - ESO Modulo 3;A;39;ESO Adult.;f
Diaz;Porto;Ruben;V;724;Espanola;27021;Vilalba;27800;100359;(A) - ESO Modulo 3;A;39;ESO Adult.;f
Diaz;Porto;Tamara;M;724;Espanola;27021;Vilalba;27800;100359;(A) - ESO Modulo 3;A;39;ESO Adult.;f
Diaz;Portela;Calfu Lahuel;V;724;Espanola;27021;Vilalba;27800;100359;(A) - ESO Modulo 3;A;39;ESO Adult.;f
Diaz;Portela;Iria;M;724;Espanola;27021;Vilalba;27800;100359;(A) - ESO Modulo 3;A;39;ESO Adult.;f
Diaz;Portela;Calfu Lahuel;V;724;Espanola;27021;Vilalba;27800;100359;(A) - ESO Modulo 3;A;39;ESO Adult.;f
Diaz;Portela;Diego;V;724;Espanola;27021;Vilalba;27800;100359;(A) - ESO Modulo 3;A;39;ESO Adult.;f
Diaz;Portela;Diego;V;724;Espanola;27021;Vilalba;27800;100359;(A) - ESO Modulo 3;A;39;ESO Adult.;f
Diaz;Polo;Ivan;V;724;Espanola;27021;Vilalba;27800;100359;(A) - ESO Modulo 3;A;39;ESO Adult.;f
Diaz;Pita;Jesus;V;724;Espanola;27021;Vilalba;27800;100359;(A) - ESO Modulo 3;A;39;ESO Adult.;f
Diaz;Pita;David;V;724;Espanola;27021;Vilalba;27800;100359;(A) - ESO Modulo 3;A;39;ESO Adult.;f
Diaz;Pineiro;David;V;724;Espanola;27021;Vilalba;27800;100359;(A) - ESO Modulo 3;A;39;ESO Adult.;f
Diaz;Pineiro;Iris;M;724;Espanola;27021;Vilalba;27800;100359;(A) - ESO Modulo 3;A;39;ESO Adult.;f
Diaz;Pico;Ruben;V;724;Espanola;27021;Vilalba;27800;100359;(A) - ESO Modulo 3;A;39;ESO Adult.;f
Duah;Pico;Martin;V;724;Espanola;27021;Vilalba;27800;100359;(A) - ESO Modulo 3;A;39;ESO Adult.;f
Duah;Peteira;Martin;V;724;Espanola;27021;Vilalba;27800;100359;(A) - ESO Modulo 3;A;39;ESO Adult.;f
Eiras;Peteira;Anibal;V;724;Espanola;27021;Vilalba;27800;100359;(A) - ESO Modulo 3;A;39;ESO Adult.;f
Engroba;Peteira;Anibal;V;724;Espanola;27021;Vilalba;27800;100360;(A) - ESO Modulo 4;A;39;ESO Adult.;f
Falcon;Pernas;Jose angel;V;724;Espanola;27022;Vilalba;27800;100360;(A) - ESO Modulo 4;A;39;ESO Adult.;f
Fanego;Pernas;Diego;V;724;Espanola;27022;Vilalba;27800;100360;(A) - ESO Modulo 4;A;39;ESO Adult.;f
Faraj;Pernas;Fabian;V;724;Espanola;27022;Vilalba;27800;100360;(A) - ESO Modulo 4;A;39;ESO Adult.;f
Fernandez;Pernas;Leonardo Antonio;V;724;Espanola;27022;Vilalba;27800;100360;(A) - ESO Modulo 4;A;39;ESO Adult.;f
Fernandez;Pernas;Alexandra;M;724;Espanola;27022;Vilalba;27800;100360;(A) - ESO Modulo 4;A;39;ESO Adult.;f
Fernandez;Perez;Rocio;M;724;Espanola;27022;Vilalba;27800;100360;(A) - ESO Modulo 4;A;39;ESO Adult.;f
Fernandez;Perez;Alejandro;V;724;Espanola;27022;Vilalba;27800;100360;(A) - ESO Modulo 4;A;39;ESO Adult.;f
Fernandez;Perez;Alejandro;V;724;Espanola;27022;Vilalba;27800;100360;(A) - ESO Modulo 4;A;39;ESO Adult.;f
Fernandez;Perez;David;V;724;Espanola;27022;Vilalba;27800;100360;(A) - ESO Modulo 4;A;39;ESO Adult.;f
Fernandez;Perez;Stteesy Yarledy;M;724;Espanola;27022;Vilalba;27800;100360;(A) - ESO Modulo 4;A;39;ESO Adult.;f
Fernandez;Perez;Roberto;V;724;Espanola;27022;Vilalba;27800;100360;(A) - ESO Modulo 4;A;39;ESO Adult.;f
Fernandez;Perez;Adrian;V;724;Espanola;27022;Vilalba;27800;100360;(A) - ESO Modulo 4;A;39;ESO Adult.;f
Fernandez;Perez;Liliana Elisabeth;M;724;Espanola;27022;Vilalba;27800;100360;(A) - ESO Modulo 4;A;39;ESO Adult.;f
Fernandez;Perez;Liliana Elisabeth;M;724;Espanola;27022;Vilalba;27800;100360;(A) - ESO Modulo 4;A;39;ESO Adult.;f
Fernandez;Perez;Bibiana;M;724;Espanola;27028;Vilalba;27800;100360;(A) - ESO Modulo 4;A;39;ESO Adult.;f
Fernandez;Perez;Ana;M;724;Espanola;27028;Vilalba;27800;100360;(A) - ESO Modulo 4;A;39;ESO Adult.;f
Fernandez;Perez;Miguel;V;724;Espanola;27028;Vilalba;27800;100360;(A) - ESO Modulo 4;A;39;ESO Adult.;f
Fernandez;Perez;Veronica;M;724;Espanola;27028;Vilalba;27800;100360;(A) - ESO Modulo 4;A;39;ESO Adult.;f
Fernandez;Perez;Veronica;M;724;Espanola;27028;Vilalba;27800;100360;(A) - ESO Modulo 4;A;39;ESO Adult.;f
Fernandez;Pedreira;Teresa;M;724;Espanola;27028;Vilalba;27800;100360;(A) - ESO Modulo 4;A;39;ESO Adult.;f
Fernandez;Parga;Lara;M;724;Espanola;27029;Vilalba;27800;100360;(A) - ESO Modulo 4;A;39;ESO Adult.;f
Fernandez;Parga;Lara;M;724;Espanola;27033;Vilalba;27800;100360;(A) - ESO Modulo 4;A;39;ESO Adult.;f
Ferreiro;Paredes;oscar;V;724;Espanola;27033;Vilalba;27800;100360;(A) - ESO Modulo 4;A;39;ESO Adult.;f
Ferreiro;Paredes;Luis Miguel;V;724;Espanola;27033;Vilalba;27800;100360;(A) - ESO Modulo 4;A;39;ESO Adult.;f
Ferreiro;Paredes;Maria Lydia;M;724;Espanola;27033;Vilalba;27800;100360;(A) - ESO Modulo 4;A;39;ESO Adult.;f
Filgueira;Paredes;Miguel;V;724;Espanola;27033;Vilalba;27800;100360;(A) - ESO Modulo 4;A;39;ESO Adult.;f
Filgueira;Paredes;Miguel;V;724;Espanola;27033;Vilalba;27800;100360;(A) - ESO Modulo 4;A;39;ESO Adult.;f
Fraga;Pardo;Roberto;V;724;Espanola;27033;Vilalba;27800;100360;(A) - ESO Modulo 4;A;39;ESO Adult.;f
Fraga;Pardo;Carina;M;724;Espanola;27039;Vilalba;27800;100360;(A) - ESO Modulo 4;A;39;ESO Adult.;f
Fraga;Pardo;Joel Alexandre;V;724;Espanola;27039;Vilalba;27800;100360;(A) - ESO Modulo 4;A;39;ESO Adult.;f
Franco;Oyarbide;Isabel;M;724;Espanola;27044;Vilalba;27800;100360;(A) - ESO Modulo 4;A;39;ESO Adult.;f
Freire;Otero;Marcos Vinicios;V;724;Espanola;27044;Vilalba;27800;100360;(A) - ESO Modulo 4;A;39;ESO Adult.;f
Freire;Otero;Marcos Vinicios;V;724;Espanola;27044;Vilalba;27800;100360;(A) - ESO Modulo 4;A;39;ESO Adult.;f
Freire;Orosa;Estefania;M;724;Espanola;27044;Vilalba;27800;100360;(A) - ESO Modulo 4;A;39;ESO Adult.;f
Freire;Orosa;Leila;M;724;Espanola;27044;Vilalba;27800;100360;(A) - ESO Modulo 4;A;39;ESO Adult.;f
Freire;Orosa;Kevin;V;724;Espanola;27044;Vilalba;27800;100360;(A) - ESO Modulo 4;A;39;ESO Adult.;f
Freire;Orosa;Daniel;V;724;Espanola;27044;Vilalba;27800;100360;(A) - ESO Modulo 4;A;39;ESO Adult.;f
Fuentes;Olaya;Yolanda;M;724;Espanola;27044;Vilalba;27810;100360;(A) - ESO Modulo 4;A;39;ESO Adult.;f
Gallego;Olaya;oscar;V;724;Espanola;27044;Vilalba;27810;100360;(A) - ESO Modulo 4;A;39;ESO Adult.;f
Gallego;Nunez;Maria del Carmen;M;724;Espanola;27044;Vilalba;27810;100360;(A) - ESO Modulo 4;A;39;ESO Adult.;f
Garcia;Nunez;Paula;M;724;Espanola;27044;Vilalba;27810;100576;1 Instalacions electricas e automaticas;A;20;CF;f
Garcia;Nistal;Paula;M;724;Espanola;27044;Vilalba;27810;100576;1 Instalacions electricas e automaticas;A;20;CF;f
Garcia;Nieto;Nuno Miguel;V;724;Espanola;27044;Vilalba;27810;100576;1 Instalacions electricas e automaticas;A;20;CF;f
Garcia;Nieto;Zeus;V;724;Espanola;27044;Vilalba;27810;100576;1 Instalacions electricas e automaticas;A;20;CF;f
Garcia;Muniz;Borja;V;724;Espanola;27044;Vilalba;27810;100576;1 Instalacions electricas e automaticas;A;20;CF;f
Garcia;Mota;Fatiha;M;724;Espanola;27048;Vilalba;27810;100576;1 Instalacions electricas e automaticas;A;20;CF;f
Garcia;Morado;Sandra Lisbeth;M;724;Espanola;27056;Vilalba;27811;100576;1 Instalacions electricas e automaticas;A;20;CF;f
Garcia;Morado;Estefania;M;724;Espanola;27065;Vilalba;27811;100576;1 Instalacions electricas e automaticas;A;20;CF;f
Garcia;Morado;Olga Maria;M;724;Espanola;27065;Vilalba;27812;100576;1 Instalacions electricas e automaticas;A;20;CF;f
Garcia;Montero;Miren;M;724;Espanola;27065;Vilalba;27812;100576;1 Instalacions electricas e automaticas;A;20;CF;f
Garcia;Montero;Julio Enrique;V;724;Espanola;27065;Vilalba;27812;100576;1 Instalacions electricas e automaticas;A;20;CF;f
Garcia;Montenegro;Maria Jose;M;724;Espanola;27065;Vilalba;27812;100576;1 Instalacions electricas e automaticas;A;20;CF;f
Garcia;Miragaya;oscar;V;724;Espanola;27065;Vilalba;27812;100576;1 Instalacions electricas e automaticas;A;20;CF;f
Garcia;Mato;Maria Jesus;M;724;Espanola;27065;Vilalba;27812;100576;1 Instalacions electricas e automaticas;A;20;CF;f
Gaute;Maseda;Veronica;M;724;Espanola;27065;Vilalba;27813;100576;1 Instalacions electricas e automaticas;A;20;CF;f
Gesto;Maseda;Johan Sebastian;V;724;Espanola;27065;Vilalba;27813;100576;1 Instalacions electricas e automaticas;A;20;CF;f
Gesto;Maseda;Felix;V;724;Espanola;27065;Vilalba;27813;100576;1 Instalacions electricas e automaticas;A;20;CF;f
Gesto;Maseda;Sinesio;V;724;Espanola;27065;Vilalba;27813;100576;1 Instalacions electricas e automaticas;A;20;CF;f
Gomez;Maseda;Luis;V;724;Espanola;27065;Vilalba;27813;100576;1 Instalacions electricas e automaticas;A;20;CF;f
Gomez;Maseda;Soraya;M;724;Espanola;27065;Vilalba;27813;100577;2 Instalacions electricas e automaticas;A;20;CF;f
Gomez;Martinez;Alba Sandra;M;724;Espanola;27065;Vilalba;27813;100577;2 Instalacions electricas e automaticas;A;20;CF;f
Gomez;Martinez;Katya;M;724;Espanola;27065;Vilalba;27813;100577;2 Instalacions electricas e automaticas;A;20;CF;f
Gonzalez;Martinez;Nuria;M;724;Espanola;27065;Vilalba;27813;100577;2 Instalacions electricas e automaticas;A;20;CF;f
Gonzalez;Lozano;Jose Miguel;V;724;Espanola;27065;Vilalba;27813;100577;2 Instalacions electricas e automaticas;A;20;CF;f
Gonzalez;Lozano;Roberto;V;724;Espanola;27065;Vilalba;27814;100577;2 Instalacions electricas e automaticas;A;20;CF;f
Gonzalez;Lorenzo;Jorge;V;724;Espanola;27065;Vilalba;27814;100577;2 Instalacions electricas e automaticas;A;20;CF;f
Govea;Lopez;Alejandro;V;724;Espanola;27065;Vilalba;27814;100577;2 Instalacions electricas e automaticas;A;20;CF;f
Grana;Lopez;Paula;M;724;Espanola;27065;Vilalba;27814;100577;2 Instalacions electricas e automaticas;A;20;CF;f
Grana;Lopez;Tania Yulieth;M;724;Espanola;27065;Vilalba;27814;100577;2 Instalacions electricas e automaticas;A;20;CF;f
Guizan;Lopez;Tania Yulieth;M;724;Espanola;27065;Vilalba;27814;100577;2 Instalacions electricas e automaticas;A;20;CF;f
Guntin;Lopez;Angel;V;724;Espanola;27065;Vilalba;27814;100577;2 Instalacions electricas e automaticas;A;20;CF;f
Guntin;Lopez;Miguel;V;724;Espanola;27065;Vilalba;27814;100577;2 Instalacions electricas e automaticas;A;20;CF;f
Hermida;Lopez;Ivan;V;724;Espanola;27065;Vilalba;27815;100577;2 Instalacions electricas e automaticas;A;20;CF;f
Hernandez;Lopez;David;V;724;Espanola;27065;Vilalba;27815;100577;2 Instalacions electricas e automaticas;A;20;CF;f
Hernandez;Lopez;Marcos;V;724;Espanola;27065;Vilalba;27815;100577;2 Instalacions electricas e automaticas;A;20;CF;f
Iglesia;Lopez;Maria Andrea;M;724;Espanola;27065;Vilalba;27815;100577;2 Instalacions electricas e automaticas;A;20;CF;f
Iglesia;Lopez;Yaume;V;724;Espanola;27065;Vilalba;27815;100577;2 Instalacions electricas e automaticas;A;20;CF;f
Iglesia;Lopez;Francisco;V;724;Espanola;27065;Vilalba;27815;100577;2 Instalacions electricas e automaticas;A;20;CF;f
Jacob;Lopez;Djibril Mohammed;V;724;Espanola;27065;Vilalba;27815;100758;1 Administracion de sistemas informaticos en rede;A;20;CF;f
Justo;Lopez;Leonardo Antonio;V;724;Espanola;27065;Vilalba;27815;100758;1 Administracion de sistemas informaticos en rede;A;20;CF;f
Lage;Lopez;Djibril Mohammed;V;724;Espanola;27065;Vilalba;27815;100758;1 Administracion de sistemas informaticos en rede;A;20;CF;f
Lamas;Lopez;Gaudencio;V;724;Espanola;27065;Vilalba;27816;100758;1 Administracion de sistemas informaticos en rede;A;20;CF;f
Lamas;Lombardero;Alberto;V;724;Espanola;27065;Vilalba;27816;100758;1 Administracion de sistemas informaticos en rede;A;20;CF;f
Lamela;Liz;Maria del Rocio;M;724;Espanola;27065;Vilalba;27816;100758;1 Administracion de sistemas informaticos en rede;A;20;CF;f
Lasso;Liz;Jose Luis;V;724;Espanola;27065;Vilalba;27816;100758;1 Administracion de sistemas informaticos en rede;A;20;CF;f
Lavilla;Lis;Jose Luis;V;724;Espanola;27065;Vilalba;27816;100760;2 Administracion de sistemas informaticos en rede;A;20;CF;f
Lis;Lis;Maria  Nieves;M;724;Espanola;27065;Vilalba;27816;100760;2 Administracion de sistemas informaticos en rede;A;20;CF;f
Lodos;Leivas;Tania;M;724;Espanola;27065;Vilalba;27816;100760;2 Administracion de sistemas informaticos en rede;A;20;CF;f
Lopez;Legide;Maria;M;724;Espanola;27065;Vilalba;27816;100760;2 Administracion de sistemas informaticos en rede;A;20;CF;f
Lopez;Legide;Cristina;M;724;Espanola;27065;Vilalba;27816;100760;2 Administracion de sistemas informaticos en rede;A;20;CF;f
Lopez;Legaspi;Cristina;M;724;Espanola;27065;Vilalba;27817;100760;2 Administracion de sistemas informaticos en rede;A;20;CF;f
Lopez;Lapena;Vanessa;M;724;Espanola;27065;Vilalba;27818;100760;2 Administracion de sistemas informaticos en rede;A;20;CF;f
Lopez;Lamas;Miguel;V;724;Espanola;27065;Vilalba;27818;100760;2 Administracion de sistemas informaticos en rede;A;20;CF;f
Lopez;Lamas;Guillermo;V;724;Espanola;27065;Vilalba;27818;100777;1 Xestion administrativa;A;20;CF;f
Lopez;Lamas;Cristian;V;724;Espanola;27065;Vilalba;27818;100777;1 Xestion administrativa;A;20;CF;f
Lopez;Lamas;Maria angeles;M;724;Espanola;27065;Vilalba;27818;100777;1 Xestion administrativa;A;20;CF;f
Lopez;Lama;Walter Stiven;V;724;Espanola;27065;Vilalba;27818;100777;1 Xestion administrativa;A;20;CF;f
Lopez;Jarel;Katherin Johanna;M;724;Espanola;27065;Vilalba;27818;100777;1 Xestion administrativa;A;20;CF;f
Lopez;Ibanez;Claudenice;M;724;Espanola;27065;Vilalba;27820;100777;1 Xestion administrativa;A;20;CF;f
Lopez;Hoz;Claudenice;M;724;Espanola;27065;Vilalba;27820;100777;1 Xestion administrativa;A;20;CF;f
Lopez;Hermida;Diego;V;724;Espanola;27065;Vilalba;27820;100777;1 Xestion administrativa;A;20;CF;f
Lopez;Hermida;Dionisio;V;724;Espanola;27065;Vilalba;27820;100777;1 Xestion administrativa;A;20;CF;f
Lopez;Hermida;Raquel;M;724;Espanola;27065;Vilalba;27820;100777;1 Xestion administrativa;A;20;CF;f
Lopez;Guerrero;Raquel;M;724;Espanola;27065;Vilalba;27820;100777;1 Xestion administrativa;A;20;CF;f
Lopez;Gonzalez;Ismael;V;724;Espanola;27065;Vilalba;27820;100777;1 Xestion administrativa;A;20;CF;f
Lopez;Gonzalez;Alejandra;M;724;Espanola;27065;Vilalba;27820;100777;1 Xestion administrativa;A;20;CF;f
Lopez;Gonzalez;Diego;V;724;Espanola;27065;Vilalba;27822;100777;1 Xestion administrativa;A;20;CF;f
Lozano;Gonzalez;Ana Maria;M;724;Espanola;27065;Vilalba;27822;100819;1 Electromecanica de vehiculos automobiles;A;20;CF;f
Lozano;Gonzalez;Sonia;M;724;Espanola;27065;Vilalba;27823;100819;1 Electromecanica de vehiculos automobiles;A;20;CF;f
Lozano;Gonzalez;Eduardo;V;724;Espanola;27065;Vilalba;27823;100819;1 Electromecanica de vehiculos automobiles;A;20;CF;f
Lozano;Gonzalez;Rocio;M;724;Espanola;27065;Vilalba;27830;100819;1 Electromecanica de vehiculos automobiles;A;20;CF;f
Lozano;Gonzalez;Borja Carlos;V;724;Espanola;27065;Vilalba;27830;100819;1 Electromecanica de vehiculos automobiles;A;20;CF;f
Maceiras;Gonzalez;Ana Isabel;M;724;Espanola;27065;Vilalba;27840;100819;1 Electromecanica de vehiculos automobiles;A;20;CF;f
Machado;Gonzalez;Jose;V;724;Espanola;27065;Vilalba;27840;100819;1 Electromecanica de vehiculos automobiles;A;20;CF;f
Macho;Gonzalez;Simon;V;724;Espanola;27065;Vilalba;27840;100819;1 Electromecanica de vehiculos automobiles;A;20;CF;f
Marin;Gonzalez;Ricardo;V;724;Espanola;27065;Vilalba;27840;100819;1 Electromecanica de vehiculos automobiles;A;20;CF;f
Martinez;Gomez;Alberto;V;724;Espanola;27065;Vilalba;27840;100819;1 Electromecanica de vehiculos automobiles;A;20;CF;f
Martins;Gil;Alba;M;724;Espanola;27065;Vilalba;27841;100819;1 Electromecanica de vehiculos automobiles;A;20;CF;f
Martins;Gil;Maria del Carmen;M;724;Espanola;27065;Vilalba;27841;100819;1 Electromecanica de vehiculos automobiles;A;20;CF;f
Maseda;Gesto;Maria del Carmen;M;724;Espanola;27065;Vilalba;27841;100819;1 Electromecanica de vehiculos automobiles;A;20;CF;f
Maseda;Gayoso;Monica;M;724;Espanola;27065;Vilalba;27841;100819;1 Electromecanica de vehiculos automobiles;A;20;CF;f
Mendez;Garcia;Jose Manuel;V;724;Espanola;27065;Vilalba;27841;100819;1 Electromecanica de vehiculos automobiles;A;20;CF;f
Mendez;Garcia;Jose Manuel;V;724;Espanola;27065;Vilalba;27841;100819;1 Electromecanica de vehiculos automobiles;A;20;CF;f
Monasterio;Garcia;Estefania Alexandra;M;724;Espanola;27065;Vilalba;27841;100819;1 Electromecanica de vehiculos automobiles;A;20;CF;f
Montenegro;Garcia;Listhays Esther;M;724;Espanola;27065;Vilalba;27841;100819;1 Electromecanica de vehiculos automobiles;A;20;CF;f
Montes;Garcia;Sandra;M;724;Espanola;27065;Vilalba;27841;101017;1 Informatica;A;58;PCPI;f
Morado;Garcia;Izan;V;724;Espanola;27065;Vilalba;27843;101017;1 Informatica;A;58;PCPI;f
Morado;Garcia;Izan;V;724;Espanola;27065;Vilalba;27843;101017;1 Informatica;A;58;PCPI;f
Morandeira;Garbayo;Esteban;V;724;Espanola;27065;Vilalba;27843;101017;1 Informatica;A;58;PCPI;f
Morandeira;Galdo;Jesus;V;724;Espanola;27065;Vilalba;27843;101017;1 Informatica;A;58;PCPI;f
Mouriz;Fumero;Nerea;M;724;Espanola;27065;Vilalba;27843;101017;1 Informatica;A;58;PCPI;f
Mouriz;Freire;Daniel;V;724;Espanola;27065;Rabade;27370;101017;1 Informatica;A;58;PCPI;f
Muina;Freire;Jennifer;M;724;Espanola;27065;Pontes de Garcia Rodriguez (As);15320;101175;1 Mantemento de vehiculos;A;58;PCPI;f
Muniz;Freire;Manuel Alejandro;V;724;Espanola;27065;Pontes de Garcia Rodriguez (As);15320;101175;1 Mantemento de vehiculos;A;58;PCPI;f
Muriel;Freire;Daniel;V;724;Espanola;27065;Pontes de Garcia Rodriguez (As);15320;101175;1 Mantemento de vehiculos;A;58;PCPI;f
Muriel;Freire;Daniel;V;724;Espanola;27065;Pontes de Garcia Rodriguez (As);15320;101175;1 Mantemento de vehiculos;A;58;PCPI;f
Nieto-Aguiar;Freire;Elisabet;M;724;Espanola;27065;Pontes de Garcia Rodriguez (As);15320;101175;1 Mantemento de vehiculos;A;58;PCPI;f
Novo;Fraga;Alejandro;V;724;Espanola;27065;Pontenova (A);27720;101175;1 Mantemento de vehiculos;A;58;PCPI;f
Novo;Fraga;Luis;V;724;Espanola;27065;Pastoriza (A);27246;101175;1 Mantemento de vehiculos;A;58;PCPI;f
Noya;Fraga;Maria;M;724;Espanola;27065;Pastoriza (A);27248;101175;1 Mantemento de vehiculos;A;58;PCPI;f
Orosa;Fraga;Alejandro;V;724;Espanola;27065;Pastoriza (A);27286;101175;1 Mantemento de vehiculos;A;58;PCPI;f
Ortega;Fraga;Jesus;V;724;Espanola;27065;Pastoriza (A);27286;101175;1 Mantemento de vehiculos;A;58;PCPI;f
Otero;Fraga;Laura;M;724;Espanola;27065;Pastoriza (A);27286;101175;1 Mantemento de vehiculos;A;58;PCPI;f
Otero;Fraga;Raquel;M;724;Espanola;27065;Pastoriza (A);27286;101175;1 Mantemento de vehiculos;A;58;PCPI;f
Otero;Fraga;Marta;M;724;Espanola;27065;Pastoriza (A);27286;101175;1 Mantemento de vehiculos;A;58;PCPI;f
Otero;Formoso;Raquel;M;724;Espanola;27065;Pastoriza (A);27287;101175;1 Mantemento de vehiculos;A;58;PCPI;f
Pan;Formoso;Alejandro;V;724;Espanola;27065;Pastoriza (A);27746;101256;2 Comun;A;58;PCPI;f
Pardino;Fonseca;Julia;M;724;Espanola;27065;Pastoriza (A);27746;101256;2 Comun;A;58;PCPI;f
Pardino;Folgueira;Iria;M;724;Espanola;27065;Pastoriza (A);27746;101256;2 Comun;A;58;PCPI;f
Pardo;Ferreiro;Luis;V;724;Espanola;27065;Pastoriza (A);27746;101256;2 Comun;A;58;PCPI;f
Pardo;Ferreiro;Ana;M;724;Espanola;27065;Pastoriza (A);27746;101256;2 Comun;A;58;PCPI;f
Paredes;Ferreiro;Ana;M;724;Espanola;27065;Pastoriza (A);27746;101256;2 Comun;A;58;PCPI;f
Paredes;Ferreiro;Jonathan;V;724;Espanola;27065;Pastoriza (A);27800;101256;2 Comun;A;58;PCPI;f
Paredes;Ferreiro;oscar;V;724;Espanola;27065;Outeiro de Rei;27153;101256;2 Comun;A;58;PCPI;f
Paredes;Ferreiro;Julio;V;724;Espanola;27065;Outeiro de Rei;27154;101256;2 Comun;A;58;PCPI;f
Paredes;Ferreiro;Ana;M;724;Espanola;27065;Ourense;32005;101256;2 Comun;A;58;PCPI;f
Parga;Ferreiro;Senen;V;724;Espanola;27065;Ourense;32005;101256;2 Comun;A;58;PCPI;f
Pastrana;Fernandez;Senen;V;724;Espanola;27065;Ourense;32005;101256;2 Comun;A;58;PCPI;f
Paz;Fernandez;Sergio Manuel;V;724;Espanola;27065;Ourense;32005;320;Xestion administrativa (Plan Vello);A;20;CF;f
Paz;Fernandez;Sergio Manuel;V;724;Espanola;27065;Ourense;32005;320;Xestion administrativa (Plan Vello);A;20;CF;f
Paz;Fernandez;Borja;V;724;Espanola;27065;Ourense;32005;320;Xestion administrativa (Plan Vello);A;20;CF;f
Paz;Fernandez;Alejandro;V;724;Espanola;27065;Ourense;32005;320;Xestion administrativa (Plan Vello);A;20;CF;f
Pena;Fernandez;Diego;V;724;Espanola;27065;Ourense;32005;66;(A) - 1 Bacharelato;B;29;Bac.;f
Pena;Fernandez;Jesus;V;724;Espanola;27065;Ourense;32005;66;(A) - 1 Bacharelato;A;29;Bac.;f
Pena;Fernandez;Jesus;V;724;Espanola;27065;Ourense;32005;66;(A) - 1 Bacharelato;B;29;Bac.;f
Pena;Fernandez;Lucia;M;724;Espanola;27065;Ourense;32005;66;(A) - 1 Bacharelato;B;29;Bac.;f
Pena;Fernandez;Roberto;V;724;Espanola;27065;Ourense;32005;66;(A) - 1 Bacharelato;B;29;Bac.;f
Peredo;Fernandez;Cristina;M;724;Espanola;27065;Ourense;32005;66;(A) - 1 Bacharelato;B;29;Bac.;f
Peredo;Fernandez;Bruno;V;724;Espanola;27065;Ourense;32005;66;1 Bacharelato;B;29;Bac.;f
Pereira;Eimil;Bruno;V;724;Espanola;27065;Ourense;32005;66;1 Bacharelato;A;29;Bac.;f
Pereira;Dos Santos;Estefania;M;724;Espanola;27065;Ourense;32005;66;1 Bacharelato;B;29;Bac.;f
Pereiras;Dos Santos;Lucia;M;724;Espanola;27065;Ourense;32005;66;1 Bacharelato;A;29;Bac.;f
Pereiras;Dos Santos;Sandra;M;724;Espanola;27065;Ourense;32005;66;1 Bacharelato;B;29;Bac.;f
Perez;Dos Santos;Aitor;V;724;Espanola;27065;Ortigueira;15330;66;1 Bacharelato;B;29;Bac.;f
Perez;Diaz;Aitor;V;724;Espanola;27065;Oleiros;15171;66;(A) - 1 Bacharelato;A;29;Bac.;f
Perez;Diaz;alvaro;V;724;Espanola;27065;Neda;15510;66;(A) - 1 Bacharelato;B;29;Bac.;f
Perez;Diaz;Noelia;M;724;Espanola;27065;Muras;27836;66;(A) - 1 Bacharelato;A;29;Bac.;f
Perez;Diaz;Sergio;V;724;Espanola;27065;Muras;27836;66;1 Bacharelato;B;29;Bac.;f
Pernas;Diaz;Manuel;V;724;Espanola;27065;Muras;27836;66;(A) - 1 Bacharelato;B;29;Bac.;f
Pico;Di Giano;Jennifer;M;724;Espanola;27065;Muras;27836;66;1 Bacharelato;B;29;Bac.;f
Pico;del Valle;Jennifer;M;724;Espanola;27065;Muras;27836;66;1 Bacharelato;B;29;Bac.;f
Pineiro;del Valle;Roberto;V;724;Espanola;27065;Muras;27836;66;(A) - 1 Bacharelato;A;29;Bac.;f
Pineiro;Deibe;Angel;V;724;Espanola;27065;Muras;27836;66;(A) - 1 Bacharelato;B;29;Bac.;f
Pineiro;Deibe;Alejandro;V;724;Espanola;27065;Monfero;15618;66;(A) - 1 Bacharelato;A;29;Bac.;f
Pineiro;da PurificaÇao;David;V;724;Espanola;27065;Meira;27240;66;1 Bacharelato;B;29;Bac.;f
Pineiro;Curras;David;V;724;Espanola;27065;Lugo;27000;66;1 Bacharelato;B;29;Bac.;f
Prado;Curras;Jose Alberto;V;724;Espanola;27065;Lugo;27002;66;1 Bacharelato;B;29;Bac.;f
Prieto;Curras;Francisco;V;724;Espanola;27065;Lugo;27003;66;(A) - 1 Bacharelato;B;29;Bac.;f
Prieto;Cuba;Antonio;V;724;Espanola;27065;Lugo;27004;66;(A) - 1 Bacharelato;A;29;Bac.;f
Prieto;Cuba;Samuel;V;724;Espanola;27065;Lugo;27004;66;(A) - 1 Bacharelato;A;29;Bac.;f
Prieto;Cruz;Diego;V;724;Espanola;27065;Lugo;27004;66;(A) - 1 Bacharelato;B;29;Bac.;f
Pujo;Corredoira;Diego;V;724;Espanola;27065;Guitiriz;27273;66;(A) - 1 Bacharelato;B;29;Bac.;f
Pumares;Cora;Alejandro;V;724;Espanola;27065;Guitiriz;27300;66;(A) - 1 Bacharelato;A;29;Bac.;f
Pumares;Cora;Jose Gabriel;V;724;Espanola;27065;Guitiriz;27300;66;1 Bacharelato;B;29;Bac.;f
Purrinos;Comendeiro;Cristian;V;724;Espanola;27065;Guitiriz;27300;66;(A) - 1 Bacharelato;A;29;Bac.;f
Quintana;Comendeiro;Facundo Adrian;V;724;Espanola;27065;Guitiriz;27300;66;1 Bacharelato;B;29;Bac.;f
Rabade;Comba;Marcos;V;724;Espanola;27065;Guitiriz;27300;66;(A) - 1 Bacharelato;B;29;Bac.;f
Ramos;Coira;Cristina;M;724;Espanola;27065;Guitiriz;27300;66;(A) - 1 Bacharelato;B;29;Bac.;f
Ramudo;Cide;Jose Luis;V;724;Espanola;27065;Guitiriz;27300;66;1 Bacharelato;B;29;Bac.;f
Ramudo;Chao;Ana Belen;M;724;Espanola;27065;Guitiriz;27305;66;(A) - 1 Bacharelato;A;29;Bac.;f
Rego;Cendan;Xiria Marina;M;724;Espanola;27065;Guitiriz;27306;66;(A) - 1 Bacharelato;B;29;Bac.;f
Rego;Cendan;Xiria Marina;M;724;Espanola;27065;Guitiriz;27306;66;1 Bacharelato;B;29;Bac.;f
Regueiro;Cendan;Daniel;V;724;Espanola;27065;Guitiriz;27372;66;1 Bacharelato;B;29;Bac.;f
Rey;Cendan;Juan Pablo;V;724;Espanola;27065;Guitiriz;27372;66;1 Bacharelato;B;29;Bac.;f
Rey;Cazon;Tania;M;724;Espanola;27065;Guitiriz;27372;66;(A) - 1 Bacharelato;B;29;Bac.;f
Rey;Castro;Lorena;M;724;Espanola;27065;Cospeito;27284;66;(A) - 1 Bacharelato;B;29;Bac.;f
Rey;Castro;Alejandro;V;724;Espanola;27065;Cospeito;27375;66;1 Bacharelato;B;29;Bac.;f
Rio;Castro;Ivan;V;724;Espanola;27065;Cospeito;27375;66;1 Bacharelato;B;29;Bac.;f
Rio;Castreje;Ivan;V;724;Espanola;27065;Cospeito;27375;66;1 Bacharelato;B;29;Bac.;f
Rivas;Castreje;angel;V;724;Espanola;27065;Cospeito;27375;66;(A) - 1 Bacharelato;B;29;Bac.;f
Rivas;Castosa;angel;V;724;Espanola;27065;Cospeito;27375;66;1 Bacharelato;B;29;Bac.;f
Rivera;Castelao;angel;V;724;Espanola;27065;Cospeito;27376;66;1 Bacharelato;B;29;Bac.;f
Rivero;Castano;Jesus;V;724;Espanola;27065;Cospeito;27376;66;(A) - 1 Bacharelato;B;29;Bac.;f
Roca;Castano;Enrique;V;724;Espanola;27065;Cospeito;27376;66;1 Bacharelato;B;29;Bac.;f
Roca;Carreira;Enrique;V;724;Espanola;27065;Cospeito;27376;66;1 Bacharelato;B;29;Bac.;f
Roca;Carreira;Paula;M;724;Espanola;27065;Cospeito;27377;66;(A) - 1 Bacharelato;A;29;Bac.;f
Roca;Carreira;Daniel;V;724;Espanola;27065;Cospeito;27377;66;(A) - 1 Bacharelato;B;29;Bac.;f
Roca;Carreira;Joel;V;724;Espanola;27065;Cospeito;27377;66;(A) - 1 Bacharelato;A;29;Bac.;f
Roca;Carreira;Cristian;V;724;Espanola;27065;Cospeito;27377;66;1 Bacharelato;B;29;Bac.;f
Roca;Carracedo;Samuel;V;724;Espanola;27065;Cospeito;27377;66;(A) - 1 Bacharelato;A;29;Bac.;f
Roca;Carracedo;Tamara;M;724;Espanola;27065;Cospeito;27377;67;2 Bacharelato;A;29;Bac.;f
Rodriguez;Carballido;Tania;M;724;Espanola;27065;Cospeito;27377;67;(A) - 2 Bacharelato;A;29;Bac.;f
Rodriguez;Carballeira;Ivan;V;724;Espanola;27065;Cospeito;27377;67;(A) - 2 Bacharelato;A;29;Bac.;f
Rodriguez;Camba;Jonatan;V;724;Espanola;27065;Cospeito;27377;67;(A) - 2 Bacharelato;B;29;Bac.;f
Rodriguez;Calvo;Sandra;M;724;Espanola;27065;Cospeito;27377;67;(A) - 2 Bacharelato;B;29;Bac.;f
Rosello;Boizan;Jonatan;V;724;Espanola;27065;Cospeito;27377;67;(A) - 2 Bacharelato;A;29;Bac.;f
Rouco;Blanco;Sandra;M;724;Espanola;27065;Cospeito;27377;67;2 Bacharelato;B;29;Bac.;f
Rouco;Bermudez;Diego;V;724;Espanola;27065;Cospeito;27377;67;2 Bacharelato;B;29;Bac.;f
Rubinos;Ben;Diego;V;724;Espanola;27065;Cospeito;27378;67;2 Bacharelato;B;29;Bac.;f
Rubinos;Bello;Adrian;V;724;Espanola;27065;Cospeito;27378;67;2 Bacharelato;B;29;Bac.;f
Santiso;Bello;Noelia;M;724;Espanola;27065;Cospeito;27378;67;2 Bacharelato;B;29;Bac.;f
Seco;Bello;Noelia;M;724;Espanola;27065;Cospeito;27378;67;2 Bacharelato;B;29;Bac.;f
Seco;Bello;Patricia;M;724;Espanola;27065;Cospeito;27378;67;2 Bacharelato;B;29;Bac.;f
Seijo;Basanta;Elena;M;724;Espanola;27065;Cospeito;27378;67;(A) - 2 Bacharelato;B;29;Bac.;f
Seoane;Barro;Antonio;V;724;Espanola;27065;Cospeito;27378;67;(A) - 2 Bacharelato;A;29;Bac.;f
Seoane;Barrio;Diego;V;724;Espanola;27065;Cospeito;27378;67;(A) - 2 Bacharelato;B;29;Bac.;f
Seoane;Barrero;angel Nicolas;V;724;Espanola;27065;Cospeito;27379;67;(A) - 2 Bacharelato;B;29;Bac.;f
Setien;Barreiro;Eduardo;V;724;Espanola;27065;Cospeito;27379;67;(A) - 2 Bacharelato;B;29;Bac.;f
Setien;Balseiro;Eduardo;V;724;Espanola;27065;Cospeito;27379;67;(A) - 2 Bacharelato;A;29;Bac.;f
Sierra;Balseiro;Albino;V;724;Espanola;27065;Cospeito;27379;67;(A) - 2 Bacharelato;B;29;Bac.;f
Silvosa;Balseiro;Marcos Antonio;V;724;Espanola;27065;Castro de Rei;27267;67;2 Bacharelato;B;29;Bac.;f
Sousa;Balseiro;Noelia;M;724;Espanola;27065;Castro de Rei;27282;67;2 Bacharelato;B;29;Bac.;f
Taboada;Balsa;Daniel;V;724;Espanola;27065;Burela;27880;67;2 Bacharelato;B;29;Bac.;f
Teijeiro;Avalos;Leticia;M;724;Espanola;27065;Burela;27880;67;(A) - 2 Bacharelato;B;29;Bac.;f
Teijeiro;Avalos;Lorena;M;724;Espanola;27065;Begonte;27370;67;2 Bacharelato;B;29;Bac.;f
Teijeiro;Arias;Javier;V;724;Espanola;27065;Begonte;27370;67;(A) - 2 Bacharelato;B;29;Bac.;f
Toledo;Arias;Javier;V;724;Espanola;27065;Begonte;27373;67;2 Bacharelato;B;29;Bac.;f
Valina;Ares;Juan Carlos;V;724;Espanola;27065;Begonte;27373;67;2 Bacharelato;B;29;Bac.;f
Valle;Ares;Lucia;M;620;Espanola;27065;Begonte;27373;67;2 Bacharelato;B;29;Bac.;f
Varela;Ares;Laura;M;620;Espanola;27065;Begonte;27373;67;2 Bacharelato;B;29;Bac.;f
Varela;Ares;Nicolas;V;600;Espanola;27065;Begonte;27375;67;(A) - 2 Bacharelato;A;29;Bac.;f
Vazquez;Ares;Celestina;M;600;Espanola;27065;Aranga;15317;67;(A) - 2 Bacharelato;B;29;Bac.;f
Vazquez;Arenas;Celestina;M;504;Espanola;27065;Aranga;15317;67;(A) - 2 Bacharelato;B;29;Bac.;f
Vazquez;Arenas;Christopher;V;288;Espanola;27065;Aranga;15317;67;(A) - 2 Bacharelato;B;29;Bac.;f
Vazquez;Ansede;Christopher;V;288;Espanola;27065;Abadin;27379;67;(A) - 2 Bacharelato;A;29;Bac.;f
Vazquez;Anllo;Tatiana;M;214;Dominicana;27065;Abadin;27379;67;2 Bacharelato;B;29;Bac.;f
Vazquez;Anllo;Tania;M;170;Colombiana;27065;Abadin;27730;67;2 Bacharelato;B;29;Bac.;f
Vazquez;Anido;Soraya;M;170;Colombiana;27065;Abadin;27730;67;2 Bacharelato;B;29;Bac.;f
Vazquez;Anido;Soraya;M;170;Colombiana;27065;Abadin;27730;67;2 Bacharelato;B;29;Bac.;f
Veiga;Amarelo;Miriam;M;170;Colombiana;27065;Abadin;27730;67;(A) - 2 Bacharelato;B;29;Bac.;f
Veiga;Amarelo;Hector;V;170;Colombiana;27065;Abadin;27730;67;2 Bacharelato;B;29;Bac.;f
Veiga;Alvarino;Jose;V;170;Colombiana;27065;Abadin;27730;67;(A) - 2 Bacharelato;B;29;Bac.;f
Veiga;Alvarino;Nerea;M;170;Colombiana;27065;Abadin;27730;67;(A) - 2 Bacharelato;A;29;Bac.;f
Velez;Alvarino;Isabel;M;76;Brasileira;27065;Abadin;27737;67;(A) - 2 Bacharelato;B;29;Bac.;f
Verdes;alvarez;Nieves;M;76;Brasileira;27065;Abadin;27737;67;2 Bacharelato;A;29;Bac.;f
Vergara;alvarez;Nicolas;V;76;Brasileira;27902;Abadin;27737;67;2 Bacharelato;A;29;Bac.;f
Vilasuso;Alonso;Enrique;V;76;Brasileira;27902;Abadin;27737;67;2 Bacharelato;B;29;Bac.;f
Villares;Alonso;Alba;M;76;Brasileira;32054;Abadin;27738;67;2 Bacharelato;B;29;Bac.;f
Vivero;Allegue;angel;V;76;Brasileira;32054;Abadin;27845;67;(A) - 2 Bacharelato;B;29;Bac.;f
Yanez;Alcazar;angel;V;32;Arxentina;32054;Abadin;27845;67;2 Bacharelato;A;29;Bac.;f
Yebra;Aguiar;Fidel;V;32;Arxentina;32054;Abadin;27849;67;(A) - 2 Bacharelato;A;29;Bac.;f
